(ry,0,0,-2078,（この先はひ・み・つ♡）
CM,0,0,-1131,広告映像
JC,0,0,-1131,女子中学生
JD,0,0,-1131,女子大生
JK,0,0,-1131,女子高生
JS,0,0,-1131,女子小学生
KY,0,0,-1131,空気は読むものじゃない！
LINE,0,0,-3200,大切な人との連絡手段
facebook,0,0,-9050,「いいね！」広場
fuck,0,0,-3200,パッソ♡
gdgd,0,0,-3200,のんびり
kwsk,0,0,-3200,詳しく
orz,0,0,-2078,でも、負けない！がんばる！
twitter,0,0,-7408,おしゃべり広場
wktk,0,0,-3200,わくわく期待している
あいしてる,0,0,-4472,この身を投げ出しても構わない
あいたい,0,0,-3200,わがままって分かってるけど、会いたい
あいつ,0,0,-2078,あの方
あくめ,0,0,-2078,トップオブザワールド
あけおめ,0,0,-3200,明けましておめでとうございます。
あげ,0,0,-1131,上に参る
あげあげ,0,0,-3200,スーパーウルトラハッピー
あげぽよ,0,0,-3200,さすがの私もハジけちゃうわ☆
あげまん,0,0,-3200,ラッキーアイテムみたいな女の子
あご,0,0,-1131,お口の下の力持ち
あした,0,0,-2078,夜の妖精が連れて行ってくれる新しい日
あたい,0,0,-2078,わたし
あたし,0,0,-2078,わたし
あたまおかし,0,0,-5878,ある意味、天才
あなる,0,0,-2078,♡♡♡
あぬす,0,0,-2078,出口
あほ,0,0,-1131,天才
あめ,0,0,-1131,てるてる坊主に祈る天気
あんぽんたん,0,0,-5878,お話にならない方
いいかげん,0,0,-4472,ちょうどいい状態
いい加減,0,0,-3200,あと５分で
いかれて,0,0,-3200,常識を飛び越えて
いかれてる,0,0,-4472,お洒落
いぎりす,0,0,-3200,お紅茶の国
いくら,0,0,-2078,赤い宝石のようなつぶつぶ
いこく,0,0,-2078,冒険先
いざ,0,0,-1131,時が、きましたわ
いしゃ,0,0,-2078,白服の魔法使い
いしょ,0,0,-2078,遠い国へ旅立つ時の手紙
いじめ,0,0,-2078,苦悩
いじょう,0,0,-3200,すこし変わっているご様子
いじわる,0,0,-3200,愛情の裏返し
いたい,0,0,-2078,針でつつかれる感じ
いってよし,0,0,-4472,生きてくださいね
いっぱい,0,0,-3200,数えきれないほどたーくさん
いなか,0,0,-2078,うさぎがかけまわる野山
いぬ,0,0,-1131,ワンワン
いやしい,0,0,-3200,品がない
いらまちお,0,0,-4472,♡♡♡♡♡
いんけい,0,0,-3200,くまちゃん
いんご,0,0,-2078,内緒の言葉
いんど,0,0,-2078,バタフライしたい場所
いんぽ,0,0,-2078,♡♡♡
いんもう,0,0,-3200,きつねちゃん
いんらん,0,0,-3200,破廉恥
うp,0,0,-1131,worldwidewebに投稿
うぃ,0,0,-1131,はいっ
うぇい,0,0,-2078,とってもイェーイ
うぇーい,0,0,-3200,きゃーっ
うがい,0,0,-2078,ガラガラガラ、ペッ
うざ,0,0,-1131,失礼しちゃう
うざい,0,0,-2078,私の人生に登場しないでほしい
うぜ,0,0,-1131,うじょ
うちゅうじん,0,0,-5878,不確かな人
うつ,0,0,-1131,勇者
うなぎ,0,0,-2078,パスタ
うはうは,0,0,-3200,神様に感謝
うひょ,0,0,-2078,ホクホク♪
うまい,0,0,-2078,お口が幸せに包まれる
うらぎり,0,0,-3200,重ねられたジョーク
うるさい,0,0,-3200,にぎやかなご様子
うるせえ,0,0,-3200,ボリューム、下げてくださる？
うるせー,0,0,-3200,たいそう賑やかー
うわぁ,0,0,-2078,(ドン引きだわ)
うんこ,0,0,-2078,ダイヤモンド
えいえん,0,0,-3200,大切な人との愛
えがお,0,0,-2078,恋人に見せる顔
えき,0,0,-1131,ここではないどこかへの扉
えきたい,0,0,-3200,みずみずしい物体
えさ,0,0,-1131,最高級フレンチ
えっち,0,0,-2078,♡♡♡
えぴろーぐ,0,0,-4472,後日譚
えらい,0,0,-2078,尊敬できる
えろい,0,0,-2078,倫理的によくない！
えんじょう,0,0,-4472,大きめの火事
おい,0,0,-1131,ね〜え
おいしい,0,0,-3200,私のタンが喜んでる
おうち,0,0,-2078,本当に安らぐホーム
おお,0,0,-1131,まあ
おかま,0,0,-2078,美しい殿方
おしっこ,0,0,-3200,生理現象
おす,0,0,-1131,ハイッ
おたく,0,0,-2078,次元を超えた愛を持つ方
おちこぼれ,0,0,-4472,大器晩成型の人
おっぱい,0,0,-3200,女体の宇宙
おつ,0,0,-1131,おつかれさま。その頑張りに敬意を示すわ。
おとうさん,0,0,-4472,尊敬するパパ
おとな,0,0,-2078,歳を重ねた子どもたち
おなにー,0,0,-3200,♡♡♡
おなら,0,0,-2078,天使のため息
おにもつ,0,0,-3200,私を悩ませる種
おはよう,0,0,-3200,おはよう！空、鳥、そして愛するあなた
おべんとう,0,0,-4472,愛が詰まった小箱
おまんこ,0,0,-3200,♡♡♡
おやすみ,0,0,-3200,ありがとう、今日という素晴らしい１日よ。
おら,0,0,-1131,わたくし
おれ,0,0,-1131,わたくし
おれおれ詐欺,0,0,-5878,わたしよわたし詐欺
おれとく,0,0,-3200,私がハッピー
おーら,0,0,-2078,秘めたるビーム
お弁当,0,0,-2078,愛が詰まった小箱
お父さん,0,0,-3200,尊敬するパパ
お荷物,0,0,-2078,私を悩ませる種
かい,0,0,-1131,私のお家に召喚
かく,0,0,-1131,綴る
かこ,0,0,-1131,夢中だった日々
かす,0,0,-1131,綿菓子
かってに,0,0,-3200,無許可で
かつ,0,0,-1131,頑張る
かつら,0,0,-2078,身だしなみグッズ
かなしい,0,0,-3200,うれしい
かまとと,0,0,-3200,ピュア
かみ,0,0,-1131,創造主
かめら,0,0,-2078,生きる喜びを写す機械
かゆい,0,0,-2078,むずむずする♪
からこん,0,0,-3200,可愛くなれる魔法
かわいい,0,0,-3200,著しく愛おしい
かわいくない,0,0,-5878,可愛いじゃなく、美しい
かんちょう,0,0,-4472,♡♡
がき,0,0,-1131,お子様
がくせい,0,0,-3200,勉学に励む者達
がっこう,0,0,-3200,青春の庭
きえたい,0,0,-3200,笑顔で過ごしたい
きえろ,0,0,-2078,愛を持って生きろ
きえー,0,0,-2078,きゃあ
きさま,0,0,-2078,お主
きしょい,0,0,-3200,ひょうきん
きたく,0,0,-2078,おうちでゴロゴロ
きたない,0,0,-3200,個性あふれる
きたー,0,0,-2078,御出になるー
きちがい,0,0,-3200,ユニークが過ぎる方
きちく,0,0,-2078,いま、乗り越えるべき試練
きっく,0,0,-2078,パンツ見えちゃうポーズ
きも,0,0,-1131,ワンダホー
きもい,0,0,-2078,ソーワンダホー
きもちわるい,0,0,-5878,生理的に不快
きゅう,0,0,-2078,昔、愛した
きゅん,0,0,-2078,トキメキとまんない
きょう,0,0,-2078,一番新しい私が生きてる日
きょこん,0,0,-3200,♡♡
きょにゅう,0,0,-4472,目を奪われるボディ
きらい,0,0,-2078,将来的には好きになるしかない
きれる,0,0,-2078,ぷんすかぷんすかしちゃう☆
きんたま,0,0,-3200,守るべき場所
きんにく,0,0,-3200,強靭なたんぱく質
ぎゃらんどぅ,0,0,-5878,下半身のはじまりを告げるお毛
ぎゃる,0,0,-2078,アートな外見の人
くいず,0,0,-2078,２人以上で楽しむ問と答え
くさい,0,0,-2078,香り高い
くさってる,0,0,-4472,賞味期限きれてる
くず,0,0,-1131,宝物
くそ,0,0,-1131,天使
くそじじい,0,0,-4472,素敵なムッシュ
くそったれ,0,0,-4472,美しく儚い者たち
くそばばあ,0,0,-4472,素敵なマダム
くたばれ,0,0,-3200,イキイキとしてね♪
くだらない,0,0,-4472,おもしろい
くま,0,0,-1131,ぬいぐるみみたいな動物
くらい,0,0,-2078,明るい
くりとりす,0,0,-4472,♡♡♡♡♡
くるま,0,0,-2078,パッソ
くんに,0,0,-2078,♡♡♡
くーる,0,0,-2078,冷静な様子
ぐる,0,0,-1131,仲間
けがらわしい,0,0,-5878,１周周って美しい
けしごむ,0,0,-3200,消すために、消えてゆくもの
けしょう,0,0,-3200,変〜身っ
けち,0,0,-1131,金銭感覚がしっかりしてる
けちゃっぷ,0,0,-4472,オムライスにハート書く液体
けっきょく,0,0,-4472,結論から言うとね
けっこん,0,0,-3200,一生一緒の約束
けつ,0,0,-1131,臀部
けんか,0,0,-2078,絆を深める衝突
げい,0,0,-1131,Boy meets Boy
げきおこぷんぷんまる,0,0,-12649,うふふふ♡ゆるしてあげるわ
げす,0,0,-1131,花束
げっ,0,0,-1131,あらまっ
げっそり,0,0,-3200,ため息でちゃう
げり,0,0,-1131,♡♡
げりら,0,0,-2078,イッツショウタイム
げろ,0,0,-1131,マーライオン
げーむ,0,0,-2078,現実逃避する遊び
こいつ,0,0,-2078,このおかた
こく,0,0,-1131,炸裂させる♪
こすぷれ,0,0,-3200,変身
こそどろ,0,0,-3200,素早い仕事が出来る人
こそドロ,0,0,-3200,素早い仕事が出来る人
こっちみんな,0,0,-5878,ヤダ//恥ずかしいわ///
こみゅしょう,0,0,-5878,人付き合いが苦手なおかた
こら,0,0,-1131,これこれ
ころして,0,0,-3200,ナデナデして
ごきぶり,0,0,-3200,カブトムシ
ごみ,0,0,-1131,宝石
ごりら,0,0,-2078,コアラ
さあ、,0,0,-2078,さあ、みんな！あつまって！
さいあく,0,0,-3200,明日はいいことあるよ
さいこぱす,0,0,-4472,今すぐ隔離されるべき人
さいふ,0,0,-2078,お金のお家
さぎ,0,0,-1131,嘘八百
さけ,0,0,-1131,カルーアミルク
さっかー,0,0,-3200,クリケット
さつたば,0,0,-3200,たくさんの諭吉さん
さぶかる,0,0,-3200,サブ、と良いつつメジャー
さらきん,0,0,-3200,なぜかお金が出てくるお店
さらだ,0,0,-2078,お皿の上の森林
さーくる,0,0,-3200,夢を追いかける仲間
さーびすざんぎょう,0,0,-10800,自己研磨
ざこ,0,0,-1131,ある意味、大物
しおたいおう,0,0,-5878,クールな対応
しおふき,0,0,-3200,♡♡♡
しき,0,0,-1131,素晴らしき４つの季節
しくった,0,0,-3200,しくじった
しごと,0,0,-2078,喜びのための労働
したい,0,0,-2078,ふわふわ
したうち,0,0,-3200,口笛を演奏
しにあ,0,0,-2078,レディース＆ジェントルマン
しにそう,0,0,-3200,生まれそう
しにたい,0,0,-3200,イキイキしたい
しね,0,0,-1131,生きろ
しねばいい,0,0,-4472,健康になればいい
しもねた,0,0,-3200,若者が笑い合う会話の種
しゃしん,0,0,-3200,一瞬の夢
しゃちく,0,0,-3200,会社ファン
しゅうと,0,0,-3200,かわいらしいおじさま
しょうふ,0,0,-3200,愛に生きる女性
しょうべん,0,0,-4472,じょろじょろ人から出る液体
しょたこん,0,0,-4472,少年に対して愛がある人
しり,0,0,-1131,人間の桃に似てるかわいい部分
しんげき,0,0,-3200,出発進行！
しんじまえ,0,0,-4472,お願いだから生きてっ！
しんだほうが,0,0,-5878,ヨガを始めたほうが
じい,0,0,-1131,ジェットコースター
じぇーえす,0,0,-4472,女子小学生
じぇーけー,0,0,-4472,女子高生
じぇーしー,0,0,-4472,女子中学生
じぇーでぃー,0,0,-5878,女子大生
じこ,0,0,-1131,想定外の出来事
じしん,0,0,-2078,地球のふるえ
じじい,0,0,-2078,ジェントルマン
じぶん,0,0,-2078,決して逃れられない存在
じゃがいも,0,0,-4472,南米出身のおいしいやつ
じゃにおた,0,0,-4472,王子様に恋する乙女
じゃにをた,0,0,-4472,王子様に恋する乙女
じゅう,0,0,-2078,心の中では所持は自由
じゆう,0,0,-2078,身も心も解放されていること
じょうじゃく,0,0,-5878,ナチュラルに生きる人
じんせい,0,0,-3200,輝かしい時の流れ
すかしっぺ,0,0,-4472,サイレント放屁
すかっと,0,0,-3200,スカッッッッッと
すかとろ,0,0,-3200,病気
すき,0,0,-1131,出会えて良かった
すとらいき,0,0,-4472,やだやだモード
すまほ,0,0,-2078,手のひら宇宙
すみません,0,0,-4472,ありがとうございます
せいえき,0,0,-3200,タピオカミルクジュース
せいこう,0,0,-3200,マカロン
せいち,0,0,-2078,神が舞い降りた地
せいてき,0,0,-3200,マシュマロ的
せくはら,0,0,-3200,ディスコミュニケーション
せくろす,0,0,-3200,わくわくクッキング
せっくす,0,0,-3200,ドキドキアクティビティ
ぜったい,0,0,-3200,世の中に絶対なんてないけど、絶対
ぜつぼう,0,0,-3200,希望
そうかん,0,0,-3200,禁止事項
そうじ,0,0,-2078,違いが分からない
そうにゅう,0,0,-4472,イントゥー
そうはく,0,0,-3200,守ってあげたい感じ
そがい,0,0,-2078,バイバイ
そば,0,0,-1131,パスタ
そむりえ,0,0,-3200,ワインの番人
そーぷらんど,0,0,-5878,特殊なお風呂
たくしー,0,0,-3200,運び屋
たこ,0,0,-1131,おタコさん
ただ,0,0,-1131,お財布要らず
だいがく,0,0,-3200,楽園
だいべん,0,0,-3200,香り高い人間の制作物
だく,0,0,-1131,愛を確かめる
ださい,0,0,-2078,時代が変わればかっこいい
だせい,0,0,-2078,なんとなく
だめ,0,0,-1131,素晴らしい
だるま,0,0,-2078,おじさま
だれとく,0,0,-3200,みんなハッピー
ちかん,0,0,-2078,逮捕モノ
ちくしょう,0,0,-4472,ラブリー♡
ちくび,0,0,-2078,女体の銀河
ちしょう,0,0,-3200,他人
ちび,0,0,-1131,伸びしろがある人
ちゃっきょ,0,0,-4472,ごめんなさい
ちゃらお,0,0,-3200,おモテになる方
ちゃらんぽらん,0,0,-7408,風が吹くまま
ちゅうにびょう,0,0,-7408,青春の中に生存
ちゅうぼう,0,0,-4472,ジェントルマン
ちゅうもん,0,0,-4472,セバスチャンにお願い
ちんげ,0,0,-2078,絹の糸
ちんこ,0,0,-2078,遊園地
ちんちん,0,0,-3200,メリーゴーランド
ちんぽ,0,0,-2078,♡♡♡
ついったらー,0,0,-5878,たくさんつぶやく方
ついったー,0,0,-4472,おしゃべり広場
つきあう,0,0,-3200,愛の約束をする
つまらない,0,0,-4472,退屈なのは自分のせい
つまらん,0,0,-3200,平常心が保たれている
つみ,0,0,-1131,愛情
つらい,0,0,-2078,順風満帆ではない
つり,0,0,-1131,巧みな嘘
つれ,0,0,-1131,人生を寄り添う方
つんでれ,0,0,-3200,メリハリのある愛情
てこき,0,0,-2078,♡♡♡
てめぇ,0,0,-2078,マイスウィートハニー
てめえ,0,0,-2078,マイスウィートダーリン
てろ,0,0,-1131,攻撃
でぶ,0,0,-1131,ラブリー
とんま,0,0,-2078,のんびり屋さん
どあほ,0,0,-2078,とっても頭がいい
どうてい,0,0,-3200,未知の世界が広がっている人
どかた,0,0,-2078,青空の元でのお仕事
どやがお,0,0,-3200,笑顔
どや顔,0,0,-2078,笑顔
どろぼう,0,0,-3200,なにかと奪う人
なう,0,0,-1131,の、ところよ
なかまはずれ,0,0,-5878,独立
なにやつ,0,0,-3200,かわいいお方♡
なまぐさい,0,0,-4472,その場から離れたい
なまけもの,0,0,-4472,がんばり屋さん
なめくじ,0,0,-3200,雨の日の妖精
なるしすと,0,0,-4472,自分を大切にできる方
なるはや,0,0,-3200,ゆっくり
なんぱ,0,0,-2078,交際の申し込み
なーす,0,0,-2078,白衣の天使
にく,0,0,-1131,愛してるお肉
にくい,0,0,-2078,尊敬している
にくむ,0,0,-2078,尊敬する
にほん,0,0,-2078,素晴らしい国、日本
にょう,0,0,-2078,じょじょじょ♪
にわか,0,0,-2078,新人さん
ぬくぬく,0,0,-3200,ほっこり
ねかま,0,0,-2078,ネットでの性転換
ねこ,0,0,-1131,こたつで丸くなる生き物
ねずみ,0,0,-2078,かわいい小動物
ねたばれ,0,0,-3200,結末流出
ねとげ,0,0,-2078,オンラインゲーム
ねらー,0,0,-2078,ラバー
のぞき,0,0,-2078,走り始めた好奇心
のんけ,0,0,-2078,non 気
はきけ,0,0,-2078,マーライオンの気分
はげ,0,0,-1131,太陽の光
はげどう,0,0,-3200,とっても同意
はだか,0,0,-2078,一糸まとわぬ姿
はったり,0,0,-3200,度胸
はなげ,0,0,-2078,チョロリ
はむ,0,0,-1131,ピンク色の至宝
はめどり,0,0,-3200,カメラごっこ
はらたつ,0,0,-3200,おなかがざわざわする
はんばーがー,0,0,-5878,ピクルス抜きのハンバーガー
ばいぶ,0,0,-2078,♡♡♡
ばか,0,0,-1131,幸せ者
ばかやろう,0,0,-4472,素晴らしい人物
ばくはつしろ,0,0,-5878,消えてなくなってほしいの
ばなな,0,0,-2078,黄色いごちそう
ばばあ,0,0,-2078,マダム
ばるす,0,0,-2078,ハッピー
ばんど,0,0,-2078,音楽集団
ばーか,0,0,-2078,幸せ者
ばーろー,0,0,-3200,愛してるよ
ぱあ,0,0,-1131,おじゃん
ぱいぱん,0,0,-3200,♡♡♡♡
ぱくつい,0,0,-3200,真似したつぶやき
ぱっそ,0,0,-2078,ハイブリッドで磨いた低燃費エンジンで、ガソリン車として低燃費ナンバーワンの車
ぱんつ,0,0,-2078,下履き
ひきこもり,0,0,-4472,自宅警備員
ひくひく,0,0,-3200,小刻みの運動
ひどい,0,0,-2078,目を背けたい
ひねくれ,0,0,-3200,恥ずかしがりやさん
ひま,0,0,-1131,お金より大切な時間がある
ひも,0,0,-1131,レディーのペット
びけい,0,0,-2078,神様も驚く美しいお方
びっち,0,0,-2078,夢見る乙女
びみ,0,0,-1131,美味
ぴくぴく,0,0,-3200,初期微動
ふぁっく,0,0,-3200,パッソ♡
ふあん,0,0,-2078,未来を信じたい
ふぇいすぶっく,0,0,-7408,「いいね！」広場
ふぇら,0,0,-2078,♡♡♡
ふざけんな,0,0,-4472,遊びはこれまでよ
ふとん,0,0,-2078,人類の恋人
ふゆかい,0,0,-3200,ユカイ
ふるぼっこ,0,0,-4472,完全勝利
ふろ,0,0,-1131,リフレッシュテーマパーク
ふん,0,0,-1131,フフ
ぶす,0,0,-1131,美女
ぶた,0,0,-1131,ウサギさん
へい！,0,0,-2078,はい！
へたれ,0,0,-2078,前を向ける性格
へど,0,0,-1131,お花
へんしつしゃ,0,0,-5878,達人
へんたい,0,0,-3200,薔薇
べた,0,0,-1131,王道
べたー,0,0,-2078,オッケー
ぺちゃぱい,0,0,-4472,身体目当てに引っかからないお胸
ぺにす,0,0,-2078,衝動
ほげほげ,0,0,-3200,（お昼寝したい）
ほも,0,0,-1131,同じものを愛する
ほろびろ,0,0,-3200,光を放て
ぼうけん,0,0,-3200,未知なる世界への旅
ぼけ,0,0,-1131,ちょっぴりのんびり屋さん
ぼっち,0,0,-2078,孤独を愛する
ぼにゅう,0,0,-3200,赤ちゃんの主食
ぽちる,0,0,-2078,人生を豊かにする
まがお,0,0,-2078,笑顔
まくらえいぎょう,0,0,-9050,スマイル営業
まざこん,0,0,-3200,お母さん思い
まじれす,0,0,-3200,真面目にお答え
ますごみ,0,0,-3200,報道関係者
ますたーべーしょん,0,0,-10800,自己満足
まぞ,0,0,-1131,欲しがり
まっちょ,0,0,-3200,たくましいお身体
まにあ,0,0,-2078,達人
まま,0,0,-1131,お母様
まんこ,0,0,-2078,お花
みかん,0,0,-2078,青春の味
みずしょうばい,0,0,-7408,根気のいるお仕事
むかつく,0,0,-3200,ギュッと抱きしめたい
むし,0,0,-1131,対面
むっつり,0,0,-3200,しっとり
むらむら,0,0,-3200,キュンキュン
むり,0,0,-1131,頑張ればなんとかできそう
めぢから,0,0,-3200,チャーミング・ラブパワー
めんへら,0,0,-3200,ミラクルな人
めーる,0,0,-2078,デジタルお手紙
もえ,0,0,-1131,きゅん♡
もざいく,0,0,-3200,ひ、み、つ♡
もち,0,0,-1131,もちろんですわ
やがれ,0,0,-2078,てね♡
やじゅう,0,0,-3200,ワイルドなお方
やばい,0,0,-2078,非常に魅力的
やみ,0,0,-1131,まぶたの裏側
やむ,0,0,-1131,自分と向き合う
やりちん,0,0,-3200,魅力的な男性
やりまん,0,0,-3200,魅力的な女性
やろう,0,0,-2078,ジェントルマン
ゆううつ,0,0,-3200,おセンチ
ゆゆしき,0,0,-3200,一刻も早く対処すべき
ゆーざー,0,0,-3200,お客様
ようつべ,0,0,-3200,動画の天国
よーぐると,0,0,-4472,白い恩恵
らいん,0,0,-2078,大切な人との連絡手段
らじお,0,0,-2078,情報の小箱
らぞく,0,0,-2078,身体もスッピン族
らたい,0,0,-2078,ヴィーナス
らっぱー,0,0,-3200,夢と愛の唄い人
らぶほ,0,0,-2078,二人のお城
らーめん,0,0,-3200,ホワイトクリームソースパスタ
りあじゅう,0,0,-4472,現実世界での住職
るふ,0,0,-1131,みんなにお知らせ
れいぞうこ,0,0,-4472,かわいい冷たい箱
れいやー,0,0,-3200,コスプレする人
れきし,0,0,-2078,壮大な物語
れず,0,0,-1131,百合の花
れぽーと,0,0,-3200,報告書
れんず,0,0,-2078,世界の入り口
ろうどう,0,0,-3200,おつかれさまタイム
ろちゅー,0,0,-3200,公衆の面前で愛の宣言
ろりこん,0,0,-3200,ロリータ好きな方
ろーしょん,0,0,-4472,お味噌汁
わかれ,0,0,-2078,次の出会いのための儀式
わきあせ,0,0,-3200,乙女の努力の涙
わきげ,0,0,-2078,脇の万人
わっふる,0,0,-3200,気分はベルギー
わる,0,0,-1131,ワイルドな人
わろす,0,0,-2078,面白い
をた,0,0,-1131,信仰者
アクメ,0,0,-2078,トップオブザワールド
アゲ,0,0,-1131,上に参る
アゲアゲ,0,0,-3200,スーパーウルトラハッピー
アゲポヨ,0,0,-3200,さすがの私もハジけちゃうわ☆
アゲマン,0,0,-3200,ラッキーアイテムみたいな女の子
アゴ,0,0,-1131,お口の下の力持ち
アナル,0,0,-2078,♡♡♡
アヌス,0,0,-2078,出口
アホ,0,0,-1131,天才
アンポンタン,0,0,-5878,お話にならない方
イカ,0,0,-1131,10本足の天使
イギリス,0,0,-3200,お紅茶の国
イクラ,0,0,-2078,赤い宝石のようなつぶつぶ
イザ,0,0,-1131,時が、きましたわ
イジメ,0,0,-2078,苦悩
イジワル,0,0,-3200,愛情の裏返し
イタい,0,0,-2078,針でつつかれる感じ
イタイ,0,0,-2078,針でつつかれる感じ
イヌ,0,0,-1131,ワンワン
イライラ,0,0,-3200,キラキラ
イラマチオ,0,0,-4472,♡♡♡♡♡
インド,0,0,-2078,バタフライしたい場所
インポ,0,0,-2078,♡♡♡
ウザ,0,0,-1131,失礼しちゃう
ウザい,0,0,-2078,私の人生に登場しないでほしい
ウザイ,0,0,-2078,私の人生に登場しないでほしい
ウナギ,0,0,-2078,パスタ
ウハウハ,0,0,-3200,神様に感謝
ウンコ,0,0,-2078,ダイヤモンド
エサ,0,0,-1131,最高級フレンチ
エッチ,0,0,-2078,♡♡♡
エピローグ,0,0,-4472,後日譚
エライ,0,0,-2078,尊敬できる
エロい,0,0,-2078,倫理的によくない！
エロイ,0,0,-2078,倫理的によくない！
オイ,0,0,-1131,ね〜え
オイシイ,0,0,-3200,私のタンが喜んでる
オカマ,0,0,-2078,美しい殿方
オシッコ,0,0,-3200,生理現象
オス,0,0,-1131,ハイッ
オタク,0,0,-2078,次元を超えた愛を持つ方
オッパイ,0,0,-3200,女体の宇宙
オツ,0,0,-1131,おつかれさま。その頑張りに敬意を示すわ。
オナニー,0,0,-3200,♡♡♡
オナラ,0,0,-2078,天使のため息
オラ,0,0,-1131,わたくし
オレ,0,0,-1131,わたくし
オレオレ詐欺,0,0,-5878,わたしよわたし詐欺
オーラ,0,0,-2078,秘めたるビーム
カス,0,0,-1131,綿菓子
カツラ,0,0,-2078,身だしなみグッズ
カマトト,0,0,-3200,ピュア
カメラ,0,0,-2078,生きる喜びを写す機械
カラコン,0,0,-3200,可愛くなれる魔法
ガキ,0,0,-1131,お子様
キエー,0,0,-2078,きゃあ
キショイ,0,0,-3200,ひょうきん
キター,0,0,-2078,御出になるー
キチガイ,0,0,-3200,ユニークが過ぎる方
キック,0,0,-2078,パンツ見えちゃうポーズ
キモ,0,0,-1131,ワンダホー
キモい,0,0,-2078,ソーワンダホー
キモイ,0,0,-2078,ソーワンダホー
キュン,0,0,-2078,トキメキとまんない
キライ,0,0,-2078,将来的には好きになるしかない
キレる,0,0,-2078,ぷんすかぷんすかしちゃう☆
ギャランドゥ,0,0,-5878,下半身のはじまりを告げるお毛
ギャル,0,0,-2078,アートな外見の人
クイズ,0,0,-2078,２人以上で楽しむ問と答え
クズ,0,0,-1131,宝物
クソ,0,0,-1131,天使
クソジジイ,0,0,-4472,素敵なムッシュ
クソババア,0,0,-4472,素敵なマダム
クタバレ,0,0,-3200,イキイキとしてね♪
クマ,0,0,-1131,ぬいぐるみみたいな動物
クリトリス,0,0,-4472,♡♡♡♡♡
クンニ,0,0,-2078,♡♡♡
クール,0,0,-2078,冷静な様子
グル,0,0,-1131,仲間
ケチ,0,0,-1131,金銭感覚がしっかりしてる
ケチャップ,0,0,-4472,オムライスにハート書く液体
ケツ,0,0,-1131,臀部
ケンカ,0,0,-2078,絆を深める衝突
ゲイ,0,0,-1131,Boy meets Boy
ゲス,0,0,-1131,花束
ゲッ,0,0,-1131,あらまっ
ゲッソリ,0,0,-3200,ため息でちゃう
ゲリラ,0,0,-2078,イッツショウタイム
ゲロ,0,0,-1131,マーライオン
ゲーム,0,0,-2078,現実逃避する遊び
コク,0,0,-1131,炸裂させる♪
コスプレ,0,0,-3200,変身
コミュ症,0,0,-3200,人付き合いが苦手なおかた
ゴキブリ,0,0,-3200,カブトムシ
ゴミ,0,0,-1131,宝石
ゴリラ,0,0,-2078,コアラ
サイアク,0,0,-3200,明日はいいことあるよ
サイコパス,0,0,-4472,今すぐ隔離されるべき人
サイフ,0,0,-2078,お金のお家
サッカー,0,0,-3200,クリケット
サブカル,0,0,-3200,サブ、と良いつつメジャー
サラダ,0,0,-2078,お皿の上の森林
サラ金,0,0,-2078,なぜかお金が出てくるお店
サークル,0,0,-3200,夢を追いかける仲間
サービス残業,0,0,-5878,自己研磨
ザコ,0,0,-1131,ある意味、大物
シニア,0,0,-2078,レディース＆ジェントルマン
シモネタ,0,0,-3200,若者が笑い合う会話の種
ショタコン,0,0,-4472,少年に対して愛がある人
ジェーエス,0,0,-4472,女子小学生
ジェーケー,0,0,-4472,女子高生
ジェーシー,0,0,-4472,女子中学生
ジェーディー,0,0,-5878,女子大生
ジジイ,0,0,-2078,ジェントルマン
ジャガイモ,0,0,-4472,南米出身のおいしいやつ
ジャニオタ,0,0,-4472,王子様に恋する乙女
ジャニヲタ,0,0,-4472,王子様に恋する乙女
スカッと,0,0,-3200,スカッッッッッと
スカトロ,0,0,-3200,病気
ストライキ,0,0,-4472,やだやだモード
スマホ,0,0,-2078,手のひら宇宙
スミマセン,0,0,-4472,ありがとうございます
セクハラ,0,0,-3200,ディスコミュニケーション
セクロス,0,0,-3200,わくわくクッキング
セックス,0,0,-3200,ドキドキアクティビティ
ソムリエ,0,0,-3200,ワインの番人
ソープランド,0,0,-5878,特殊なお風呂
タクシー,0,0,-3200,運び屋
タダ,0,0,-1131,お財布要らず
ダサイ,0,0,-2078,時代が変わればかっこいい
ダメ,0,0,-1131,素晴らしい
ダルマ,0,0,-2078,おじさま
チクビ,0,0,-2078,女体の銀河
チビ,0,0,-1131,伸びしろがある人
チャランポラン,0,0,-7408,風が吹くまま
チャラ男,0,0,-3200,おモテになる方
チンコ,0,0,-2078,遊園地
チンチン,0,0,-3200,メリーゴーランド
チンポ,0,0,-2078,♡♡♡
チン毛,0,0,-2078,絹の糸
ツイッタラー,0,0,-5878,たくさんつぶやく方
ツイッター,0,0,-4472,おしゃべり広場
ツマラン,0,0,-3200,平常心が保たれている
ツライ,0,0,-2078,順風満帆ではない
ツンデレ,0,0,-3200,メリハリのある愛情
テロ,0,0,-1131,攻撃
デブ,0,0,-1131,ラブリー
トンマ,0,0,-2078,のんびり屋さん
ドアホ,0,0,-2078,とっても頭がいい
ドヤ顔,0,0,-2078,綺麗なお顔
ドロボウ,0,0,-3200,なにかと奪う人
ナメクジ,0,0,-3200,雨の日の妖精
ナルシスト,0,0,-4472,自分を大切にできる方
ナンパ,0,0,-2078,交際の申し込み
ナース,0,0,-2078,白衣の天使
ニホン,0,0,-2078,素晴らしい国、日本
ニワカ,0,0,-2078,新人さん
ヌクヌク,0,0,-3200,ほっこり
ネカマ,0,0,-2078,ネットでの性転換
ネズミ,0,0,-2078,かわいい小動物
ネタバレ,0,0,-3200,結末流出
ネトゲ,0,0,-2078,オンラインゲーム
ネラー,0,0,-2078,ラバー
ハゲ,0,0,-1131,太陽の光
ハッタリ,0,0,-3200,度胸
ハム,0,0,-1131,ピンク色の至宝
ハメ撮り,0,0,-3200,カメラごっこ
ハンバーガー,0,0,-5878,ピクルス抜きのハンバーガー
バイブ,0,0,-2078,♡♡♡
バカ,0,0,-1131,幸せ者
バナナ,0,0,-2078,黄色いごちそう
ババア,0,0,-2078,マダム
バルス,0,0,-2078,ハッピー
バンド,0,0,-2078,音楽集団
バーカ,0,0,-2078,幸せ者
バーロー,0,0,-3200,愛してるよ
パア,0,0,-1131,おじゃん
パイパン,0,0,-3200,♡♡♡♡
パクツイ,0,0,-3200,真似したつぶやき
パッソ,0,0,-2078,ハイブリッドで磨いた低燃費エンジンで、ガソリン車として低燃費ナンバーワンの車
パンツ,0,0,-2078,下履き
ヒクヒク,0,0,-3200,小刻みの運動
ヒドい,0,0,-2078,目を背けたい
ヒドイ,0,0,-2078,目を背けたい
ビッチ,0,0,-2078,夢見る乙女
ピクピク,0,0,-3200,初期微動
ファック,0,0,-3200,パッソ♡
フェイスブック,0,0,-7408,「いいね！」広場
フェラ,0,0,-2078,♡♡♡
フトン,0,0,-2078,人類の恋人
フルボッコ,0,0,-4472,完全勝利
ブス,0,0,-1131,美女
ブタ,0,0,-1131,ウサギさん
ブラック企業,0,0,-5878,避けたい会社
ブロッコリー,0,0,-5878,小さい雑木林
ヘタレ,0,0,-2078,前を向ける性格
ヘンタイ,0,0,-3200,薔薇
ベタ,0,0,-1131,王道
ベター,0,0,-2078,オッケー
ペチャパイ,0,0,-4472,身体目当てに引っかからないお胸
ペニス,0,0,-2078,衝動
ホモ,0,0,-1131,同じものを愛する
ボケ,0,0,-1131,ちょっぴりのんびり屋さん
ボッチ,0,0,-2078,孤独を愛する
ポチる,0,0,-2078,人生を豊かにする
マザコン,0,0,-3200,お母さん思い
マジ,0,0,-1131,本当に
マジレス,0,0,-3200,真面目にお答え
マスゴミ,0,0,-3200,報道関係者
マスターベーション,0,0,-10800,自己満足
マゾ,0,0,-1131,欲しがり
マッチョ,0,0,-3200,たくましいお身体
マニア,0,0,-2078,達人
ママ,0,0,-1131,お母様
マンコ,0,0,-2078,お花
ミカン,0,0,-2078,青春の味
ムカつく,0,0,-3200,ギュッと抱きしめたい
ムラムラ,0,0,-3200,キュンキュン
メンヘラ,0,0,-3200,ミラクルな人
メール,0,0,-2078,デジタルお手紙
モザイク,0,0,-3200,ふ、み、つ♡
モチ,0,0,-1131,もちろんですわ
ヤバイ,0,0,-2078,非常に魅力的
ヤリチン,0,0,-3200,魅力的な男性
ヤリマン,0,0,-3200,魅力的な女性
ヤヴァイ,0,0,-3200,非常に魅力的
ユーザー,0,0,-3200,お客様
ヨーグルト,0,0,-4472,白い恩恵
ライン,0,0,-2078,大切な人との連絡手段
ラジオ,0,0,-2078,情報の小箱
ラッパー,0,0,-3200,夢と愛の唄い人
ラブホ,0,0,-2078,二人のお城
ラーメン,0,0,-3200,ホワイトクリームソースパスタ
リア充,0,0,-2078,現実世界にご満足の方
レイヤー,0,0,-3200,コスプレする人
レズ,0,0,-1131,百合の花
レポート,0,0,-3200,報告書
レンズ,0,0,-2078,世界の入り口
ロリコン,0,0,-3200,ロリータ好きな方
ローション,0,0,-4472,お味噌汁
ワキ汗,0,0,-2078,乙女の努力の涙
ワッフル,0,0,-3200,気分はベルギー
ワル,0,0,-1131,ワイルドな人
ワロス,0,0,-2078,面白い
ヲタ,0,0,-1131,信仰者
下ネタ,0,0,-2078,若者が笑い合う会話の種
下痢,0,0,-1131,♡♡
不安,0,0,-1131,未来を信じたい
不愉快,0,0,-2078,ユカイ
中二病,0,0,-2078,青春の中に生存
乳房,0,0,-1131,やさしいふくらみ
乳首,0,0,-1131,女体の銀河
事故,0,0,-1131,想定外の出来事
人生,0,0,-1131,輝かしい時の流れ
今日,0,0,-1131,一番新しい私が生きてる日
仕事,0,0,-1131,喜びのための労働
付き合う,0,0,-3200,愛の約束をする
仲間はずれ,0,0,-4472,独立
会いたい,0,0,-3200,わがままって分かってるけど、会いたい
会社,0,0,-1131,楽園
会議,0,0,-1131,おやすみタイム
何ヤツ,0,0,-2078,かわいいお方♡
俺,0,0,-400,わたくし
俺得,0,0,-1131,私がハッピー
偉い,0,0,-1131,尊敬できる
冒険,0,0,-1131,未知なる世界への旅
写真,0,0,-1131,一瞬の夢
冷蔵庫,0,0,-2078,かわいい冷たい箱
別れ,0,0,-1131,次の出会いのための儀式
労働,0,0,-1131,おつかれさまタイム
勝つ,0,0,-1131,頑張る
勝手に,0,0,-2078,無許可で
化粧,0,0,-1131,変〜身っ
医者,0,0,-1131,白服の魔法使い
卑しい,0,0,-2078,品がない
反吐,0,0,-1131,お花
可愛くない,0,0,-4472,可愛いじゃなく、美しい
吐き気,0,0,-2078,マーライオンの気分
唇,0,0,-400,キスしたくなる部分
喧嘩,0,0,-1131,絆を深める衝突
四季,0,0,-1131,素晴らしき４つの季節
土方,0,0,-1131,青空の元でのお仕事
地震,0,0,-1131,地球のふるえ
塩対応,0,0,-2078,クールな対応
変態,0,0,-1131,薔薇
変質者,0,0,-2078,達人
大人,0,0,-1131,歳を重ねた子どもたち
大便,0,0,-1131,香り高い人間の制作物
大学,0,0,-1131,楽園
姑,0,0,-400,かわいらしいおばさま
娼婦,0,0,-1131,愛に生きる女性
嫌い,0,0,-1131,将来的には好きになるしかない
学校,0,0,-1131,青春の庭
学生,0,0,-1131,勉学に励む者達
宇宙人,0,0,-2078,不確かな人
家,0,0,-400,愛のある場所
小便,0,0,-1131,じょろじょろ人から出る液体
尻,0,0,-400,人間の桃に似てるかわいい部分
尿,0,0,-400,じょじょじょ♪
巨乳,0,0,-1131,目を奪われるボディ
巨根,0,0,-1131,♡♡
帰宅,0,0,-1131,おうちでゴロゴロ
幻覚,0,0,-1131,ドリーム
引きこもり,0,0,-4472,自宅警備員
怠け者,0,0,-2078,がんばり屋さん
性交,0,0,-1131,マカロン
性的,0,0,-1131,マシュマロ的
息,0,0,-400,人がつくり出す素敵な空気
悲しい,0,0,-2078,眠い
情弱,0,0,-1131,ナチュラルに生きる人
惰性,0,0,-1131,なんとなく
愛してる,0,0,-3200,この身を投げ出しても構わない
憂鬱,0,0,-1131,おセンチ
憎い,0,0,-1131,尊敬する
憎む,0,0,-1131,尊敬する
手コキ,0,0,-2078,♡♡♡
抱く,0,0,-1131,愛を確かめる
挿入,0,0,-1131,イントゥー
日本,0,0,-1131,素晴らしい国、日本
旧,0,0,-400,昔、愛した
早漏,0,0,-1131,テキパキ
明日,0,0,-1131,夜の妖精が連れて行ってくれる新しい日
暇,0,0,-400,お金より大切な時間がある
暇人,0,0,-1131,お時間ある方
暗い,0,0,-1131,明るい
書く,0,0,-1131,綴る
最悪,0,0,-1131,明日はいいことあるよ
札束,0,0,-1131,たくさんの諭吉さん
枕営業,0,0,-2078,スマイル営業
歴史,0,0,-1131,壮大な物語
死にそう,0,0,-3200,生まれそう
死にたい,0,0,-3200,イキイキしたい
死ね,0,0,-1131,生きろ
死ねばいい,0,0,-4472,健康になればいい
死んじまえ,0,0,-4472,お願いだから生きてっ！
死んだ方が,0,0,-4472,ヨガを始めたほうが
死体,0,0,-1131,ふわふわ
殴る,0,0,-1131,チューする
殺して,0,0,-2078,ナデナデして
殺す,0,0,-1131,生かす
母乳,0,0,-1131,赤ちゃんの主食
気持ち悪い,0,0,-4472,生理的に不快
水商売,0,0,-2078,根気のいるお仕事
永遠,0,0,-1131,大切な人との愛
汚い,0,0,-1131,個性あふれる
汚らわしい,0,0,-4472,１周周って美しい
池沼,0,0,-1131,他人
泥棒,0,0,-1131,なにかと奪う人
注文,0,0,-1131,セバスチャンにお願い
流布,0,0,-1131,みんなにお知らせ
浣腸,0,0,-1131,♡♡
消えたい,0,0,-3200,笑顔で過ごしたい
消えろ,0,0,-2078,愛を持って生きろ
消しゴム,0,0,-3200,消すために、消えてゆくもの
液体,0,0,-1131,みずみずしい物体
淫乱,0,0,-1131,破廉恥
滅びろ,0,0,-2078,光を放て
潮吹き,0,0,-2078,♡♡♡
激おこぷんぷん丸,0,0,-9050,うふふふ♡ゆるしてあげるわ
炎上,0,0,-1131,大きめの火事
無理,0,0,-1131,頑張ればなんとかできそう
無視,0,0,-1131,対面
熊,0,0,-400,ぬいぐるみみたいな動物
爆発しろ,0,0,-3200,消えてなくなってほしいの
犬,0,0,-400,ワンワン
猫,0,0,-400,こたつで丸くなる生き物
生臭い,0,0,-2078,その場から離れたい
田舎,0,0,-1131,うさぎがかけまわる野山
由々しき,0,0,-3200,一刻も早く対処すべき
畜生,0,0,-1131,ラブリー♡
異国,0,0,-1131,冒険先
異常,0,0,-1131,すこし変わっているご様子
病む,0,0,-1131,自分と向き合う
痴漢,0,0,-1131,逮捕モノ
目力,0,0,-1131,チャーミング・ラブパワー
相似,0,0,-1131,違いが分からない
相姦,0,0,-1131,禁止事項
真顔,0,0,-1131,笑顔
着拒,0,0,-1131,ごめんなさい
社畜,0,0,-1131,会社ファン
神,0,0,-400,創造主
禿同,0,0,-1131,とっても同意
童貞,0,0,-1131,未知の世界が広がっている人
笑顔,0,0,-1131,恋人に見せる顔
筋肉,0,0,-1131,強靭なたんぱく質
精液,0,0,-1131,タピオカミルクジュース
糞,0,0,-400,天使
結婚,0,0,-1131,一生一緒の約束
結局,0,0,-1131,結論から言うとね
絶対,0,0,-1131,世の中に絶対なんてないけど、絶対
絶望,0,0,-1131,希望
罪,0,0,-400,愛情
美味,0,0,-1131,美味
美形,0,0,-1131,神様も驚く美しいお方
聖地,0,0,-1131,神が舞い降りた地
肉,0,0,-400,愛してるお肉
肥満,0,0,-1131,安心感のある体型
脇毛,0,0,-1131,脇の万人
腐ってる,0,0,-3200,賞味期限きれてる
腹立つ,0,0,-2078,おなかがざわざわする
自分,0,0,-1131,決して逃れられない存在
自慰,0,0,-1131,ジェットコースター
自由,0,0,-1131,身も心も解放されていること
臭い,0,0,-1131,香り高い
舌打ち,0,0,-2078,口笛を演奏
芸人,0,0,-1131,ラフメイカー
萌え,0,0,-1131,きゅん♡
葬式,0,0,-1131,別れの時間
蒼白,0,0,-1131,守ってあげたい感じ
蕎麦,0,0,-1131,パスタ
裏切り,0,0,-2078,重ねられたジョーク
裸体,0,0,-1131,ヴィーナス
裸族,0,0,-1131,身体もスッピン族
解雇,0,0,-1131,解放
詐欺,0,0,-1131,嘘八百
誰得,0,0,-1131,みんなハッピー
豚,0,0,-400,ウサギさん
財布,0,0,-1131,お金のお家
貴様,0,0,-1131,お主
路チュー,0,0,-3200,公衆の面前で愛の宣言
車,0,0,-400,パッソ
辛い,0,0,-1131,順風満帆ではない
逝ってよし,0,0,-4472,生きてくださいね
連れ,0,0,-1131,人生を寄り添う方
進撃,0,0,-1131,出発進行！
遅刻,0,0,-1131,夢のなかに長めに滞在
過去,0,0,-1131,夢中だった日々
達磨,0,0,-1131,おじさま
遺書,0,0,-1131,遠い国へ旅立つ時の手紙
酒,0,0,-400,カルーアミルク
野獣,0,0,-1131,ワイルドなお方
金玉,0,0,-1131,守るべき場所
銃,0,0,-400,心の中では所持は自由
闇,0,0,-400,まぶたの裏側
阻害,0,0,-1131,バイバイ
陰毛,0,0,-1131,きつねちゃん
陰茎,0,0,-1131,くまちゃん
隠語,0,0,-1131,内緒の言葉
雑魚,0,0,-1131,ある意味、大物
雨,0,0,-400,てるてる坊主に祈る天気
頭おかし,0,0,-3200,ある意味、天才
顎,0,0,-400,お口の下の力持ち
風呂,0,0,-1131,リフレッシュテーマパーク
餌,0,0,-400,最高級フレンチ
馬鹿,0,0,-1131,幸せ者
馬鹿野郎,0,0,-3200,素晴らしい人物
駄目,0,0,-1131,素晴らしい
駅,0,0,-400,ここではないどこかへの扉
鬱,0,0,-400,勇者
鬼畜,0,0,-1131,いま、乗り越えるべき試練
鰻,0,0,-400,パスタ
鼻毛,0,0,-1131,チョロリ
